{"keyset": {"lweSecretKeys": [{"id": 0, "params": {"lweDimension": 8192, "integerPrecision": 64, "keyType": "binary"}}, {"id": 1, "params": {"lweDimension": 899, "integerPrecision": 64, "keyType": "binary"}}, {"id": 2, "params": {"lweDimension": 2048, "integerPrecision": 64, "keyType": "binary"}}, {"id": 3, "params": {"lweDimension": 878, "integerPrecision": 64, "keyType": "binary"}}], "lweBootstrapKeys": [{"id": 0, "inputId": 1, "outputId": 0, "params": {"levelCount": 2, "baseLog": 15, "glweDimension": 1, "polynomialSize": 8192, "variance": 4.70197740328915e-38, "integerPrecision": 64, "modulus": {"modulus": {"native": {}}}, "keyType": "binary", "inputLweDimension": 899}, "compression": "seed"}, {"id": 1, "inputId": 3, "outputId": 2, "params": {"levelCount": 4, "baseLog": 9, "glweDimension": 1, "polynomialSize": 2048, "variance": 8.442253112932959e-31, "integerPrecision": 64, "modulus": {"modulus": {"native": {}}}, "keyType": "binary", "inputLweDimension": 878}, "compression": "seed"}], "lweKeyswitchKeys": [{"id": 0, "inputId": 0, "outputId": 1, "params": {"levelCount": 6, "baseLog": 3, "variance": 5.04243246121984e-13, "integerPrecision": 64, "modulus": {"modulus": {"native": {}}}, "keyType": "binary", "inputLweDimension": 8192, "outputLweDimension": 899}, "compression": "seed"}, {"id": 1, "inputId": 0, "outputId": 3, "params": {"levelCount": 3, "baseLog": 5, "variance": 1.0654452552261925e-12, "integerPrecision": 64, "modulus": {"modulus": {"native": {}}}, "keyType": "binary", "inputLweDimension": 8192, "outputLweDimension": 878}, "compression": "seed"}], "packingKeyswitchKeys": []}, "circuits": [{"inputs": [{"rawInfo": {"shape": {"dimensions": [1, 3, 32, 32, 3]}, "integerPrecision": 64, "isSigned": false}, "typeInfo": {"lweCiphertext": {"abstractShape": {"dimensions": [1, 3, 32, 32]}, "concreteShape": {"dimensions": [1, 3, 32, 32, 3]}, "integerPrecision": 64, "encryption": {"keyId": 0, "variance": 4.70197740328915e-38, "lweDimension": 8192, "modulus": {"modulus": {"native": {}}}}, "compression": "seed", "encoding": {"integer": {"width": 11, "isSigned": true, "mode": {"native": {}}}}}}}], "outputs": [{"rawInfo": {"shape": {"dimensions": [1, 7, 2049]}, "integerPrecision": 64, "isSigned": false}, "typeInfo": {"lweCiphertext": {"abstractShape": {"dimensions": [1, 7]}, "concreteShape": {"dimensions": [1, 7, 2049]}, "integerPrecision": 64, "encryption": {"keyId": 2, "variance": 8.442253112932959e-31, "lweDimension": 2048, "modulus": {"modulus": {"native": {}}}}, "compression": "none", "encoding": {"integer": {"width": 14, "isSigned": true, "mode": {"native": {}}}}}}}], "name": "_clear_forward_proxy"}], "tfhers_specs": {"input_types_per_func": {"_clear_forward_proxy": [null]}, "output_types_per_func": {"_clear_forward_proxy": [null]}, "input_shapes_per_func": {"_clear_forward_proxy": [null]}, "output_shapes_per_func": {"_clear_forward_proxy": [null]}}}