{
  "circuitFeedbacks": [
    {
      "crtDecompositionsOfOutputs": [
        []
      ],
      "memoryUsagePerLoc": {
        "loc(\"/home/ubuntu/train/venv/lib/python3.12/site-packages/concrete/ml/common/utils.py\":1:0)": 114744,
        "loc(\"/home/ubuntu/train/venv/lib/python3.12/site-packages/concrete/ml/onnx/onnx_impl_utils.py\":56:0)": 6762043392,
        "loc(\"/home/ubuntu/train/venv/lib/python3.12/site-packages/concrete/ml/onnx/onnx_impl_utils.py\":70:0)": 10949256288,
        "loc(\"/home/ubuntu/train/venv/lib/python3.12/site-packages/concrete/ml/quantization/quantized_ops.py\":2025:0)": 33558528,
        "loc(\"/home/ubuntu/train/venv/lib/python3.12/site-packages/concrete/ml/quantization/quantizers.py\":717:0)": 23972865096,
        "loc(\"@/classifier/Gemm.matmul | /home/ubuntu/train/venv/lib/python3.12/site-packages/concrete/ml/quantization/quantized_ops.py\":385:0)": 16936520,
        "loc(\"@/conv1/Conv.conv | /home/ubuntu/train/venv/lib/python3.12/site-packages/concrete/ml/quantization/quantized_ops.py\":957:0)": 4522865448,
        "loc(\"@/conv1/Conv.conv_rounding | /home/ubuntu/train/venv/lib/python3.12/site-packages/concrete/ml/quantization/base_quantized_op.py\":1063:0)": 17182031880,
        "loc(\"@/conv2/Conv.conv | /home/ubuntu/train/venv/lib/python3.12/site-packages/concrete/ml/quantization/quantized_ops.py\":957:0)": 4866125832,
        "loc(\"@/conv2/Conv.conv_rounding | /home/ubuntu/train/venv/lib/python3.12/site-packages/concrete/ml/quantization/base_quantized_op.py\":1063:0)": 8591048712,
        "loc(\"@/conv3/Conv.conv | /home/ubuntu/train/venv/lib/python3.12/site-packages/concrete/ml/quantization/quantized_ops.py\":957:0)": 2752159752,
        "loc(\"@/conv3/Conv.conv_rounding | /home/ubuntu/train/venv/lib/python3.12/site-packages/concrete/ml/quantization/base_quantized_op.py\":1063:0)": 4295557128,
        "loc(\"@/conv4/Conv.conv | /home/ubuntu/train/venv/lib/python3.12/site-packages/concrete/ml/quantization/quantized_ops.py\":957:0)": 4430381064,
        "loc(\"@/conv4/Conv.conv_rounding | /home/ubuntu/train/venv/lib/python3.12/site-packages/concrete/ml/quantization/base_quantized_op.py\":1063:0)": 4295557128,
        "loc(\"@/conv5/Conv.conv | /home/ubuntu/train/venv/lib/python3.12/site-packages/concrete/ml/quantization/quantized_ops.py\":957:0)": 1746288648,
        "loc(\"@/conv5/Conv.conv_rounding | /home/ubuntu/train/venv/lib/python3.12/site-packages/concrete/ml/quantization/base_quantized_op.py\":1063:0)": 2147811336,
        "loc(\"@/conv6/Conv.conv | /home/ubuntu/train/venv/lib/python3.12/site-packages/concrete/ml/quantization/quantized_ops.py\":957:0)": 2955575304,
        "loc(\"@/conv6/Conv.conv_rounding | /home/ubuntu/train/venv/lib/python3.12/site-packages/concrete/ml/quantization/base_quantized_op.py\":1063:0)": 2147811336,
        "loc(\"@/conv7/Conv.conv | /home/ubuntu/train/venv/lib/python3.12/site-packages/concrete/ml/quantization/quantized_ops.py\":957:0)": 1210531848,
        "loc(\"@/conv7/Conv.conv_rounding | /home/ubuntu/train/venv/lib/python3.12/site-packages/concrete/ml/quantization/base_quantized_op.py\":1063:0)": 537001992,
        "loc(\"@/conv8/Conv.conv | /home/ubuntu/train/venv/lib/python3.12/site-packages/concrete/ml/quantization/quantized_ops.py\":957:0)": 1210531848,
        "loc(\"@/conv8/Conv.conv_rounding | /home/ubuntu/train/venv/lib/python3.12/site-packages/concrete/ml/quantization/base_quantized_op.py\":1063:0)": 537001992,
        "loc(\"@/pool1/AveragePool.avgpool | /home/ubuntu/train/venv/lib/python3.12/site-packages/concrete/ml/quantization/quantized_ops.py\":1223:0)": 5369446408,
        "loc(\"@/pool1/AveragePool.avgpool_rounding | /home/ubuntu/train/venv/lib/python3.12/site-packages/concrete/ml/quantization/base_quantized_op.py\":1063:0)": 4295557128,
        "loc(\"@/pool2/AveragePool.avgpool | /home/ubuntu/train/venv/lib/python3.12/site-packages/concrete/ml/quantization/quantized_ops.py\":1223:0)": 2684813320,
        "loc(\"@/pool2/AveragePool.avgpool_rounding | /home/ubuntu/train/venv/lib/python3.12/site-packages/concrete/ml/quantization/base_quantized_op.py\":1063:0)": 2147811336,
        "loc(\"@/pool3/AveragePool.avgpool | /home/ubuntu/train/venv/lib/python3.12/site-packages/concrete/ml/quantization/quantized_ops.py\":1223:0)": 1342668808,
        "loc(\"@/pool3/AveragePool.avgpool_rounding | /home/ubuntu/train/venv/lib/python3.12/site-packages/concrete/ml/quantization/base_quantized_op.py\":1063:0)": 1073938440,
        "loc(\"@/pool4/AveragePool.avgpool | /home/ubuntu/train/venv/lib/python3.12/site-packages/concrete/ml/quantization/quantized_ops.py\":1223:0)": 672284680,
        "loc(\"@/pool5/AveragePool.avgpool | /home/ubuntu/train/venv/lib/python3.12/site-packages/concrete/ml/quantization/quantized_ops.py\":1223:0)": 168906760,
        "loc(\"@/pool5/AveragePool.avgpool_rounding | /home/ubuntu/train/venv/lib/python3.12/site-packages/concrete/ml/quantization/base_quantized_op.py\":1063:0)": 134299656,
        "loc(unknown)": 27159729456
      },
      "name": "_clear_forward_proxy",
      "statistics": [
        {
          "count": 1769472,
          "keys": [
            [
              "SECRET",
              0
            ]
          ],
          "location": "loc(unknown)",
          "operation": "CLEAR_MULTIPLICATION"
        },
        {
          "count": 1769472,
          "keys": [
            [
              "SECRET",
              0
            ]
          ],
          "location": "loc(unknown)",
          "operation": "ENCRYPTED_ADDITION"
        },
        {
          "count": 65536,
          "keys": [
            [
              "SECRET",
              0
            ]
          ],
          "location": "loc(\"@/conv1/Conv.conv_rounding | /home/ubuntu/train/venv/lib/python3.12/site-packages/concrete/ml/quantization/base_quantized_op.py\":1063:0)",
          "operation": "CLEAR_ADDITION"
        },
        {
          "count": 65536,
          "keys": [
            [
              "SECRET",
              0
            ]
          ],
          "location": "loc(\"/home/ubuntu/train/venv/lib/python3.12/site-packages/concrete/ml/quantization/quantizers.py\":717:0)",
          "operation": "CLEAR_ADDITION"
        },
        {
          "count": 65536,
          "keys": [
            [
              "KEY_SWITCH",
              0
            ]
          ],
          "location": "loc(\"/home/ubuntu/train/venv/lib/python3.12/site-packages/concrete/ml/quantization/quantizers.py\":717:0)",
          "operation": "KEY_SWITCH"
        },
        {
          "count": 65536,
          "keys": [
            [
              "BOOTSTRAP",
              0
            ]
          ],
          "location": "loc(\"/home/ubuntu/train/venv/lib/python3.12/site-packages/concrete/ml/quantization/quantizers.py\":717:0)",
          "operation": "PBS"
        },
        {
          "count": 4194304,
          "keys": [
            [
              "SECRET",
              0
            ]
          ],
          "location": "loc(unknown)",
          "operation": "CLEAR_MULTIPLICATION"
        },
        {
          "count": 4194304,
          "keys": [
            [
              "SECRET",
              0
            ]
          ],
          "location": "loc(unknown)",
          "operation": "ENCRYPTED_ADDITION"
        },
        {
          "count": 16384,
          "keys": [
            [
              "SECRET",
              0
            ]
          ],
          "location": "loc(\"@/pool1/AveragePool.avgpool_rounding | /home/ubuntu/train/venv/lib/python3.12/site-packages/concrete/ml/quantization/base_quantized_op.py\":1063:0)",
          "operation": "CLEAR_ADDITION"
        },
        {
          "count": 16384,
          "keys": [
            [
              "KEY_SWITCH",
              0
            ]
          ],
          "location": "loc(\"/home/ubuntu/train/venv/lib/python3.12/site-packages/concrete/ml/quantization/quantizers.py\":717:0)",
          "operation": "KEY_SWITCH"
        },
        {
          "count": 16384,
          "keys": [
            [
              "BOOTSTRAP",
              0
            ]
          ],
          "location": "loc(\"/home/ubuntu/train/venv/lib/python3.12/site-packages/concrete/ml/quantization/quantizers.py\":717:0)",
          "operation": "PBS"
        },
        {
          "count": 18874368,
          "keys": [
            [
              "SECRET",
              0
            ]
          ],
          "location": "loc(unknown)",
          "operation": "CLEAR_MULTIPLICATION"
        },
        {
          "count": 18874368,
          "keys": [
            [
              "SECRET",
              0
            ]
          ],
          "location": "loc(unknown)",
          "operation": "ENCRYPTED_ADDITION"
        },
        {
          "count": 32768,
          "keys": [
            [
              "SECRET",
              0
            ]
          ],
          "location": "loc(\"@/conv2/Conv.conv_rounding | /home/ubuntu/train/venv/lib/python3.12/site-packages/concrete/ml/quantization/base_quantized_op.py\":1063:0)",
          "operation": "CLEAR_ADDITION"
        },
        {
          "count": 32768,
          "keys": [
            [
              "SECRET",
              0
            ]
          ],
          "location": "loc(\"/home/ubuntu/train/venv/lib/python3.12/site-packages/concrete/ml/quantization/quantizers.py\":717:0)",
          "operation": "CLEAR_ADDITION"
        },
        {
          "count": 32768,
          "keys": [
            [
              "KEY_SWITCH",
              0
            ]
          ],
          "location": "loc(\"/home/ubuntu/train/venv/lib/python3.12/site-packages/concrete/ml/quantization/quantizers.py\":717:0)",
          "operation": "KEY_SWITCH"
        },
        {
          "count": 32768,
          "keys": [
            [
              "BOOTSTRAP",
              0
            ]
          ],
          "location": "loc(\"/home/ubuntu/train/venv/lib/python3.12/site-packages/concrete/ml/quantization/quantizers.py\":717:0)",
          "operation": "PBS"
        },
        {
          "count": 4194304,
          "keys": [
            [
              "SECRET",
              0
            ]
          ],
          "location": "loc(unknown)",
          "operation": "CLEAR_MULTIPLICATION"
        },
        {
          "count": 4194304,
          "keys": [
            [
              "SECRET",
              0
            ]
          ],
          "location": "loc(unknown)",
          "operation": "ENCRYPTED_ADDITION"
        },
        {
          "count": 8192,
          "keys": [
            [
              "SECRET",
              0
            ]
          ],
          "location": "loc(\"@/pool2/AveragePool.avgpool_rounding | /home/ubuntu/train/venv/lib/python3.12/site-packages/concrete/ml/quantization/base_quantized_op.py\":1063:0)",
          "operation": "CLEAR_ADDITION"
        },
        {
          "count": 8192,
          "keys": [
            [
              "KEY_SWITCH",
              0
            ]
          ],
          "location": "loc(\"/home/ubuntu/train/venv/lib/python3.12/site-packages/concrete/ml/quantization/quantizers.py\":717:0)",
          "operation": "KEY_SWITCH"
        },
        {
          "count": 8192,
          "keys": [
            [
              "BOOTSTRAP",
              0
            ]
          ],
          "location": "loc(\"/home/ubuntu/train/venv/lib/python3.12/site-packages/concrete/ml/quantization/quantizers.py\":717:0)",
          "operation": "PBS"
        },
        {
          "count": 18874368,
          "keys": [
            [
              "SECRET",
              0
            ]
          ],
          "location": "loc(unknown)",
          "operation": "CLEAR_MULTIPLICATION"
        },
        {
          "count": 18874368,
          "keys": [
            [
              "SECRET",
              0
            ]
          ],
          "location": "loc(unknown)",
          "operation": "ENCRYPTED_ADDITION"
        },
        {
          "count": 16384,
          "keys": [
            [
              "SECRET",
              0
            ]
          ],
          "location": "loc(\"@/conv3/Conv.conv_rounding | /home/ubuntu/train/venv/lib/python3.12/site-packages/concrete/ml/quantization/base_quantized_op.py\":1063:0)",
          "operation": "CLEAR_ADDITION"
        },
        {
          "count": 16384,
          "keys": [
            [
              "SECRET",
              0
            ]
          ],
          "location": "loc(\"/home/ubuntu/train/venv/lib/python3.12/site-packages/concrete/ml/quantization/quantizers.py\":717:0)",
          "operation": "CLEAR_ADDITION"
        },
        {
          "count": 16384,
          "keys": [
            [
              "KEY_SWITCH",
              0
            ]
          ],
          "location": "loc(\"/home/ubuntu/train/venv/lib/python3.12/site-packages/concrete/ml/quantization/quantizers.py\":717:0)",
          "operation": "KEY_SWITCH"
        },
        {
          "count": 16384,
          "keys": [
            [
              "BOOTSTRAP",
              0
            ]
          ],
          "location": "loc(\"/home/ubuntu/train/venv/lib/python3.12/site-packages/concrete/ml/quantization/quantizers.py\":717:0)",
          "operation": "PBS"
        },
        {
          "count": 37748736,
          "keys": [
            [
              "SECRET",
              0
            ]
          ],
          "location": "loc(unknown)",
          "operation": "CLEAR_MULTIPLICATION"
        },
        {
          "count": 37748736,
          "keys": [
            [
              "SECRET",
              0
            ]
          ],
          "location": "loc(unknown)",
          "operation": "ENCRYPTED_ADDITION"
        },
        {
          "count": 16384,
          "keys": [
            [
              "SECRET",
              0
            ]
          ],
          "location": "loc(\"@/conv4/Conv.conv_rounding | /home/ubuntu/train/venv/lib/python3.12/site-packages/concrete/ml/quantization/base_quantized_op.py\":1063:0)",
          "operation": "CLEAR_ADDITION"
        },
        {
          "count": 16384,
          "keys": [
            [
              "SECRET",
              0
            ]
          ],
          "location": "loc(\"/home/ubuntu/train/venv/lib/python3.12/site-packages/concrete/ml/quantization/quantizers.py\":717:0)",
          "operation": "CLEAR_ADDITION"
        },
        {
          "count": 16384,
          "keys": [
            [
              "KEY_SWITCH",
              0
            ]
          ],
          "location": "loc(\"/home/ubuntu/train/venv/lib/python3.12/site-packages/concrete/ml/quantization/quantizers.py\":717:0)",
          "operation": "KEY_SWITCH"
        },
        {
          "count": 16384,
          "keys": [
            [
              "BOOTSTRAP",
              0
            ]
          ],
          "location": "loc(\"/home/ubuntu/train/venv/lib/python3.12/site-packages/concrete/ml/quantization/quantizers.py\":717:0)",
          "operation": "PBS"
        },
        {
          "count": 4194304,
          "keys": [
            [
              "SECRET",
              0
            ]
          ],
          "location": "loc(unknown)",
          "operation": "CLEAR_MULTIPLICATION"
        },
        {
          "count": 4194304,
          "keys": [
            [
              "SECRET",
              0
            ]
          ],
          "location": "loc(unknown)",
          "operation": "ENCRYPTED_ADDITION"
        },
        {
          "count": 4096,
          "keys": [
            [
              "SECRET",
              0
            ]
          ],
          "location": "loc(\"@/pool3/AveragePool.avgpool_rounding | /home/ubuntu/train/venv/lib/python3.12/site-packages/concrete/ml/quantization/base_quantized_op.py\":1063:0)",
          "operation": "CLEAR_ADDITION"
        },
        {
          "count": 4096,
          "keys": [
            [
              "KEY_SWITCH",
              0
            ]
          ],
          "location": "loc(\"/home/ubuntu/train/venv/lib/python3.12/site-packages/concrete/ml/quantization/quantizers.py\":717:0)",
          "operation": "KEY_SWITCH"
        },
        {
          "count": 4096,
          "keys": [
            [
              "BOOTSTRAP",
              0
            ]
          ],
          "location": "loc(\"/home/ubuntu/train/venv/lib/python3.12/site-packages/concrete/ml/quantization/quantizers.py\":717:0)",
          "operation": "PBS"
        },
        {
          "count": 18874368,
          "keys": [
            [
              "SECRET",
              0
            ]
          ],
          "location": "loc(unknown)",
          "operation": "CLEAR_MULTIPLICATION"
        },
        {
          "count": 18874368,
          "keys": [
            [
              "SECRET",
              0
            ]
          ],
          "location": "loc(unknown)",
          "operation": "ENCRYPTED_ADDITION"
        },
        {
          "count": 8192,
          "keys": [
            [
              "SECRET",
              0
            ]
          ],
          "location": "loc(\"@/conv5/Conv.conv_rounding | /home/ubuntu/train/venv/lib/python3.12/site-packages/concrete/ml/quantization/base_quantized_op.py\":1063:0)",
          "operation": "CLEAR_ADDITION"
        },
        {
          "count": 8192,
          "keys": [
            [
              "SECRET",
              0
            ]
          ],
          "location": "loc(\"/home/ubuntu/train/venv/lib/python3.12/site-packages/concrete/ml/quantization/quantizers.py\":717:0)",
          "operation": "CLEAR_ADDITION"
        },
        {
          "count": 8192,
          "keys": [
            [
              "KEY_SWITCH",
              0
            ]
          ],
          "location": "loc(\"/home/ubuntu/train/venv/lib/python3.12/site-packages/concrete/ml/quantization/quantizers.py\":717:0)",
          "operation": "KEY_SWITCH"
        },
        {
          "count": 8192,
          "keys": [
            [
              "BOOTSTRAP",
              0
            ]
          ],
          "location": "loc(\"/home/ubuntu/train/venv/lib/python3.12/site-packages/concrete/ml/quantization/quantizers.py\":717:0)",
          "operation": "PBS"
        },
        {
          "count": 37748736,
          "keys": [
            [
              "SECRET",
              0
            ]
          ],
          "location": "loc(unknown)",
          "operation": "CLEAR_MULTIPLICATION"
        },
        {
          "count": 37748736,
          "keys": [
            [
              "SECRET",
              0
            ]
          ],
          "location": "loc(unknown)",
          "operation": "ENCRYPTED_ADDITION"
        },
        {
          "count": 8192,
          "keys": [
            [
              "SECRET",
              0
            ]
          ],
          "location": "loc(\"@/conv6/Conv.conv_rounding | /home/ubuntu/train/venv/lib/python3.12/site-packages/concrete/ml/quantization/base_quantized_op.py\":1063:0)",
          "operation": "CLEAR_ADDITION"
        },
        {
          "count": 8192,
          "keys": [
            [
              "SECRET",
              0
            ]
          ],
          "location": "loc(\"/home/ubuntu/train/venv/lib/python3.12/site-packages/concrete/ml/quantization/quantizers.py\":717:0)",
          "operation": "CLEAR_ADDITION"
        },
        {
          "count": 8192,
          "keys": [
            [
              "KEY_SWITCH",
              0
            ]
          ],
          "location": "loc(\"/home/ubuntu/train/venv/lib/python3.12/site-packages/concrete/ml/quantization/quantizers.py\":717:0)",
          "operation": "KEY_SWITCH"
        },
        {
          "count": 8192,
          "keys": [
            [
              "BOOTSTRAP",
              0
            ]
          ],
          "location": "loc(\"/home/ubuntu/train/venv/lib/python3.12/site-packages/concrete/ml/quantization/quantizers.py\":717:0)",
          "operation": "PBS"
        },
        {
          "count": 4194304,
          "keys": [
            [
              "SECRET",
              0
            ]
          ],
          "location": "loc(unknown)",
          "operation": "CLEAR_MULTIPLICATION"
        },
        {
          "count": 4194304,
          "keys": [
            [
              "SECRET",
              0
            ]
          ],
          "location": "loc(unknown)",
          "operation": "ENCRYPTED_ADDITION"
        },
        {
          "count": 2048,
          "keys": [
            [
              "KEY_SWITCH",
              0
            ]
          ],
          "location": "loc(\"/home/ubuntu/train/venv/lib/python3.12/site-packages/concrete/ml/quantization/quantizers.py\":717:0)",
          "operation": "KEY_SWITCH"
        },
        {
          "count": 2048,
          "keys": [
            [
              "BOOTSTRAP",
              0
            ]
          ],
          "location": "loc(\"/home/ubuntu/train/venv/lib/python3.12/site-packages/concrete/ml/quantization/quantizers.py\":717:0)",
          "operation": "PBS"
        },
        {
          "count": 9437184,
          "keys": [
            [
              "SECRET",
              0
            ]
          ],
          "location": "loc(unknown)",
          "operation": "CLEAR_MULTIPLICATION"
        },
        {
          "count": 9437184,
          "keys": [
            [
              "SECRET",
              0
            ]
          ],
          "location": "loc(unknown)",
          "operation": "ENCRYPTED_ADDITION"
        },
        {
          "count": 2048,
          "keys": [
            [
              "SECRET",
              0
            ]
          ],
          "location": "loc(\"@/conv7/Conv.conv_rounding | /home/ubuntu/train/venv/lib/python3.12/site-packages/concrete/ml/quantization/base_quantized_op.py\":1063:0)",
          "operation": "CLEAR_ADDITION"
        },
        {
          "count": 2048,
          "keys": [
            [
              "SECRET",
              0
            ]
          ],
          "location": "loc(\"/home/ubuntu/train/venv/lib/python3.12/site-packages/concrete/ml/quantization/quantizers.py\":717:0)",
          "operation": "CLEAR_ADDITION"
        },
        {
          "count": 2048,
          "keys": [
            [
              "KEY_SWITCH",
              0
            ]
          ],
          "location": "loc(\"/home/ubuntu/train/venv/lib/python3.12/site-packages/concrete/ml/quantization/quantizers.py\":717:0)",
          "operation": "KEY_SWITCH"
        },
        {
          "count": 2048,
          "keys": [
            [
              "BOOTSTRAP",
              0
            ]
          ],
          "location": "loc(\"/home/ubuntu/train/venv/lib/python3.12/site-packages/concrete/ml/quantization/quantizers.py\":717:0)",
          "operation": "PBS"
        },
        {
          "count": 9437184,
          "keys": [
            [
              "SECRET",
              0
            ]
          ],
          "location": "loc(unknown)",
          "operation": "CLEAR_MULTIPLICATION"
        },
        {
          "count": 9437184,
          "keys": [
            [
              "SECRET",
              0
            ]
          ],
          "location": "loc(unknown)",
          "operation": "ENCRYPTED_ADDITION"
        },
        {
          "count": 2048,
          "keys": [
            [
              "SECRET",
              0
            ]
          ],
          "location": "loc(\"@/conv8/Conv.conv_rounding | /home/ubuntu/train/venv/lib/python3.12/site-packages/concrete/ml/quantization/base_quantized_op.py\":1063:0)",
          "operation": "CLEAR_ADDITION"
        },
        {
          "count": 2048,
          "keys": [
            [
              "SECRET",
              0
            ]
          ],
          "location": "loc(\"/home/ubuntu/train/venv/lib/python3.12/site-packages/concrete/ml/quantization/quantizers.py\":717:0)",
          "operation": "CLEAR_ADDITION"
        },
        {
          "count": 2048,
          "keys": [
            [
              "KEY_SWITCH",
              0
            ]
          ],
          "location": "loc(\"/home/ubuntu/train/venv/lib/python3.12/site-packages/concrete/ml/quantization/quantizers.py\":717:0)",
          "operation": "KEY_SWITCH"
        },
        {
          "count": 2048,
          "keys": [
            [
              "BOOTSTRAP",
              0
            ]
          ],
          "location": "loc(\"/home/ubuntu/train/venv/lib/python3.12/site-packages/concrete/ml/quantization/quantizers.py\":717:0)",
          "operation": "PBS"
        },
        {
          "count": 1048576,
          "keys": [
            [
              "SECRET",
              0
            ]
          ],
          "location": "loc(unknown)",
          "operation": "CLEAR_MULTIPLICATION"
        },
        {
          "count": 1048576,
          "keys": [
            [
              "SECRET",
              0
            ]
          ],
          "location": "loc(unknown)",
          "operation": "ENCRYPTED_ADDITION"
        },
        {
          "count": 512,
          "keys": [
            [
              "SECRET",
              0
            ]
          ],
          "location": "loc(\"@/pool5/AveragePool.avgpool_rounding | /home/ubuntu/train/venv/lib/python3.12/site-packages/concrete/ml/quantization/base_quantized_op.py\":1063:0)",
          "operation": "CLEAR_ADDITION"
        },
        {
          "count": 512,
          "keys": [
            [
              "KEY_SWITCH",
              0
            ]
          ],
          "location": "loc(\"/home/ubuntu/train/venv/lib/python3.12/site-packages/concrete/ml/quantization/quantizers.py\":717:0)",
          "operation": "KEY_SWITCH"
        },
        {
          "count": 512,
          "keys": [
            [
              "BOOTSTRAP",
              0
            ]
          ],
          "location": "loc(\"/home/ubuntu/train/venv/lib/python3.12/site-packages/concrete/ml/quantization/quantizers.py\":717:0)",
          "operation": "PBS"
        },
        {
          "count": 512,
          "keys": [
            [
              "KEY_SWITCH",
              1
            ]
          ],
          "location": "loc(\"/home/ubuntu/train/venv/lib/python3.12/site-packages/concrete/ml/quantization/quantizers.py\":717:0)",
          "operation": "KEY_SWITCH"
        },
        {
          "count": 512,
          "keys": [
            [
              "BOOTSTRAP",
              1
            ]
          ],
          "location": "loc(\"/home/ubuntu/train/venv/lib/python3.12/site-packages/concrete/ml/quantization/quantizers.py\":717:0)",
          "operation": "PBS"
        },
        {
          "count": 3584,
          "keys": [
            [
              "SECRET",
              2
            ]
          ],
          "location": "loc(\"@/classifier/Gemm.matmul | /home/ubuntu/train/venv/lib/python3.12/site-packages/concrete/ml/quantization/quantized_ops.py\":385:0)",
          "operation": "CLEAR_MULTIPLICATION"
        },
        {
          "count": 3584,
          "keys": [
            [
              "SECRET",
              2
            ]
          ],
          "location": "loc(\"@/classifier/Gemm.matmul | /home/ubuntu/train/venv/lib/python3.12/site-packages/concrete/ml/quantization/quantized_ops.py\":385:0)",
          "operation": "ENCRYPTED_ADDITION"
        }
      ],
      "totalInputsSize": 73728,
      "totalOutputsSize": 114744
    }
  ],
  "complexity": 140171910432256,
  "globalPError": 4.0208322658911167e-08,
  "pError": 7.2219936109512766e-13,
  "totalBootstrapKeysSize": 701497344,
  "totalKeyswitchKeysSize": 526712832,
  "totalSecretKeysSize": 96136
}